callsign,origin,destination,days_seen,last_seen,takeoff_utc
BMA223,TXKF,KHPN,2,2026-10-08,19:15
BMA224,KHPN,TXKF,1,2026-10-04,22:13
BMA240,TXKF,KEWR,3,2026-10-09,11:18
BMA241,KEWR,TXKF,3,2026-10-09,15:13
BMA301,TXKF,KBOS,4,2026-10-09,11:32
BMA302,KBOS,TXKF,4,2026-10-09,15:03
BMA303,TXKF,KBOS,1,2026-10-04,19:19
BMA413,TXKF,CYUL,2,2026-10-09,20:19
BMA414,CYUL,TXKF,1,2026-10-06,15:18
BMA551,TXKF,KBWI,2,2026-10-08,16:18
BMA552,KBWI,KHPN,1,2026-10-05,20:17
BMA552,KBWI,TXKF,1,2026-10-08,15:15
BMA552,KHPN,TXKF,1,2026-10-05,22:14
BMA603,TXKF,CYYZ,3,2026-10-09,11:43
BMA604,CYYZ,TXKF,3,2026-10-09,16:19
BMA751,TXKF,KMCO,1,2026-10-03,11:19
BMA801,TXKF,CYHZ,2,2026-10-09,18:37
BMA901P,KBOS,TXKF,1,2026-10-05,19:36
BMA903,TXKF,KBOS,1,2026-10-05,02:35
BMA904,KEWR,TXKF,1,2026-10-06,16:03
